Alabama,M
Appalachia,S
Austin Alumni Region,
Baltimore,L
Bay Area,L
Buffalo,S
California Capital Valley,S
Charlotte-Piedmont Triad,L
Chicago-Northwest Indiana,L
Colorado,L
Connecticut,M
D.C. Region,M
Dallas-Fort Worth,L
Delaware,S
Detroit,M
Eastern North Carolina,L
Greater Cleveland,M
Greater Delta: Mississippi & Arkansas,L
Greater New Orleans,L
Greater Philadelphia,M
Greater Tulsa,M
Hawai'i,M
Houston,L
Idaho,S
Indianapolis,M
Jacksonville,S
Kansas City,M
Las Vegas,S
Los Angeles,L
Massachusetts,L
Memphis,L
Metro Atlanta,L
Miami-Dade,L
Milwaukee,M
Nashville-Chattanooga,L
New Jersey,M
New Mexico,S
New York,L
Oklahoma City,S
Orlando,S
Phoenix,M
Rhode Island,M
Rio Grande Valley,S
San Antonio,M
San Diego,S
South Carolina,M
South Dakota,S
South Louisiana,M
Southwest Ohio,S
St. Louis,M
Twin Cities,S
Washington,S